{"model": "mightbe/Better-PairRM", "model_type": "Custom Classifier", "chat_template": "tulu", "alpacaeval-easy": 0.99, "alpacaeval-hard": 1.0, "alpacaeval-length": 0.8631578947368421, "donotanswer": 0.5294117647058824, "hep-cpp": 0.6463414634146342, "hep-go": 0.7195121951219512, "hep-java": 0.6951219512195121, "hep-js": 0.7195121951219512, "hep-python": 0.7134146341463414, "hep-rust": 0.7134146341463414, "llmbar-adver-GPTInst": 0.14130434782608695, "llmbar-adver-GPTOut": 0.425531914893617, "llmbar-adver-manual": 0.2608695652173913, "llmbar-adver-neighbor": 0.27611940298507465, "llmbar-natural": 0.71, "math-prm": 0.2953020134228188, "mt-bench-easy": 0.9285714285714286, "mt-bench-hard": 0.7027027027027027, "mt-bench-med": 1.0, "refusals-dangerous": 0.73, "refusals-offensive": 0.94, "xstest-should-refuse": 0.9675324675324676, "xstest-should-respond": 0.876}