{
    "alpacaeval-easy": 0.77,
    "alpacaeval-hard": 0.7052631578947368,
    "alpacaeval-length": 0.8736842105263158,
    "chat_template": "tokenizer",
    "donotanswer": 0.5588235294117647,
    "hep-cpp": 0.7378048780487805,
    "hep-go": 0.7073170731707317,
    "hep-java": 0.8170731707317073,
    "hep-js": 0.7317073170731707,
    "hep-python": 0.725609756097561,
    "hep-rust": 0.7195121951219512,
    "llmbar-adver-GPTInst": 0.8369565217391305,
    "llmbar-adver-GPTOut": 0.7446808510638298,
    "llmbar-adver-manual": 0.4782608695652174,
    "llmbar-adver-neighbor": 0.7313432835820896,
    "llmbar-natural": 0.78,
    "math-prm": 0.9485458612975392,
    "model": "general-preference/GPM-Gemma-2-2B",
    "model_type": "Custom Classifier",
    "mt-bench-easy": 1.0,
    "mt-bench-hard": 0.5945945945945946,
    "mt-bench-med": 0.95,
    "refusals-dangerous": 0.93,
    "refusals-offensive": 0.99,
    "xstest-should-refuse": 0.8896103896103896,
    "xstest-should-respond": 0.984
}