{
    "alpacaeval-easy": 0.75,
    "alpacaeval-hard": 0.7263157894736842,
    "alpacaeval-length": 0.8315789473684211,
    "chat_template": "tokenizer",
    "donotanswer": 0.5735294117647058,
    "hep-cpp": 0.6646341463414634,
    "hep-go": 0.6707317073170732,
    "hep-java": 0.6707317073170732,
    "hep-js": 0.6951219512195121,
    "hep-python": 0.6951219512195121,
    "hep-rust": 0.6219512195121951,
    "llmbar-adver-GPTInst": 0.782608695652174,
    "llmbar-adver-GPTOut": 0.7021276595744681,
    "llmbar-adver-manual": 0.45652173913043476,
    "llmbar-adver-neighbor": 0.664179104477612,
    "llmbar-natural": 0.71,
    "math-prm": 0.9395973154362416,
    "model": "general-preference/GPM-Gemma-2B",
    "model_type": "Custom Classifier",
    "mt-bench-easy": 0.9285714285714286,
    "mt-bench-hard": 0.43243243243243246,
    "mt-bench-med": 0.8,
    "refusals-dangerous": 0.94,
    "refusals-offensive": 1.0,
    "xstest-should-refuse": 0.8506493506493507,
    "xstest-should-respond": 0.884
}