{
    "alpacaeval-easy": 0.93,
    "alpacaeval-hard": 0.9368421052631579,
    "alpacaeval-length": 0.9052631578947369,
    "chat_template": "tokenizer",
    "donotanswer": 0.7573529411764706,
    "hep-cpp": 0.9329268292682927,
    "hep-go": 0.9329268292682927,
    "hep-java": 0.9512195121951219,
    "hep-js": 0.9451219512195121,
    "hep-python": 0.9512195121951219,
    "hep-rust": 0.9329268292682927,
    "llmbar-adver-GPTInst": 0.9456521739130435,
    "llmbar-adver-GPTOut": 0.8936170212765957,
    "llmbar-adver-manual": 0.8043478260869565,
    "llmbar-adver-neighbor": 0.835820895522388,
    "llmbar-natural": 0.94,
    "math-prm": 0.9731543624161074,
    "model": "general-preference/GPM-Gemma-2-9B",
    "model_type": "Custom Classifier",
    "mt-bench-easy": 1.0,
    "mt-bench-hard": 0.7567567567567568,
    "mt-bench-med": 0.975,
    "refusals-dangerous": 0.9,
    "refusals-offensive": 0.99,
    "xstest-should-refuse": 0.9415584415584416,
    "xstest-should-respond": 0.984
}