{
    "alpacaeval-easy": 0.89,
    "alpacaeval-hard": 0.9263157894736842,
    "alpacaeval-length": 0.9473684210526315,
    "chat_template": "tokenizer",
    "donotanswer": 0.7132352941176471,
    "hep-cpp": 0.9207317073170732,
    "hep-go": 0.9634146341463414,
    "hep-java": 0.9817073170731707,
    "hep-js": 0.9634146341463414,
    "hep-python": 0.975609756097561,
    "hep-rust": 0.9329268292682927,
    "llmbar-adver-GPTInst": 0.9456521739130435,
    "llmbar-adver-GPTOut": 0.8085106382978723,
    "llmbar-adver-manual": 0.8043478260869565,
    "llmbar-adver-neighbor": 0.8507462686567164,
    "llmbar-natural": 0.87,
    "math-prm": 0.9574944071588367,
    "model": "general-preference/GPM-Llama-3.1-8B-Instruct",
    "model_type": "Custom Classifier",
    "mt-bench-easy": 1.0,
    "mt-bench-hard": 0.8108108108108109,
    "mt-bench-med": 0.975,
    "refusals-dangerous": 0.95,
    "refusals-offensive": 0.99,
    "xstest-should-refuse": 0.935064935064935,
    "xstest-should-respond": 0.96
}